{
  "ui": [],
  "world": [
    {
      "type": "camera",
      "id": "main_camera",
      "camera_type": "Perspective",
      "transform": {
        "position": {
          "x": 0.0,
          "y": 2.5,
          "z": 5.0
        },
        "rotation": {
          "x": -20.0,
          "y": 0.0,
          "z": 0.0
        }
      }
    },
    {
      "type": "light",
      "id": "main_light",
      "light_type": "Directional",
      "intensity": 3000.0,
      "transform": {
        "position": {
          "x": 0.0,
          "y": 5.0,
          "z": 0.0
        },
        "rotation": {
          "x": -45.0,
          "y": 30.0,
          "z": 0.0
        }
      },
      "color": {
        "r": 1.0,
        "g": 0.95,
        "b": 0.9,
        "a": 1.0
      }
    },
    {
      "type": "mesh3d",
      "id": "ground_plane",
      "mesh": {
        "Plane": {
          "size": 10.0
        }
      },
      "material": {
        "base_color": {
          "r": 0.3,
          "g": 0.5,
          "b": 0.3,
          "a": 1.0
        },
        "metallic": 0.0,
        "roughness": 0.8
      },
      "transform": {
        "position": {
          "x": 0.0,
          "y": 0.0,
          "z": 0.0
        }
      }
    },
    {
      "type": "mesh3d",
      "id": "red_cube",
      "mesh": "Cube",
      "material": {
        "base_color": {
          "r": 0.8,
          "g": 0.2,
          "b": 0.2,
          "a": 1.0
        },
        "metallic": 0.3,
        "roughness": 0.5
      },
      "transform": {
        "position": {
          "x": -2.0,
          "y": 0.5,
          "z": 0.0
        },
        "scale": {
          "x": 1.0,
          "y": 1.0,
          "z": 1.0
        }
      }
    },
    {
      "type": "mesh3d",
      "id": "blue_sphere",
      "mesh": {
        "Sphere": {
          "radius": 0.5,
          "subdivisions": 32
        }
      },
      "material": {
        "base_color": {
          "r": 0.2,
          "g": 0.4,
          "b": 0.8,
          "a": 1.0
        },
        "metallic": 0.8,
        "roughness": 0.2
      },
      "transform": {
        "position": {
          "x": 0.0,
          "y": 0.5,
          "z": 0.0
        }
      }
    },
    {
      "type": "mesh3d",
      "id": "green_capsule",
      "mesh": {
        "Capsule": {
          "radius": 0.3,
          "depth": 1.0
        }
      },
      "material": {
        "base_color": {
          "r": 0.2,
          "g": 0.8,
          "b": 0.3,
          "a": 1.0
        },
        "metallic": 0.1,
        "roughness": 0.7
      },
      "transform": {
        "position": {
          "x": 2.0,
          "y": 0.8,
          "z": 0.0
        }
      }
    },
    {
      "type": "light",
      "id": "point_light_1",
      "light_type": "Point",
      "intensity": 500.0,
      "transform": {
        "position": {
          "x": -3.0,
          "y": 2.0,
          "z": 3.0
        }
      },
      "color": {
        "r": 0.8,
        "g": 0.2,
        "b": 0.2,
        "a": 1.0
      }
    },
    {
      "type": "light",
      "id": "point_light_2",
      "light_type": "Point",
      "intensity": 500.0,
      "transform": {
        "position": {
          "x": 3.0,
          "y": 2.0,
          "z": 3.0
        }
      },
      "color": {
        "r": 0.2,
        "g": 0.2,
        "b": 0.8,
        "a": 1.0
      }
    }
  ]
}
