{
  "ui": [],
  "world": [
    {
      "type": "camera",
      "camera_type": "Perspective",
      "transform": {
        "position": {
          "x": 0.0,
          "y": 3.0,
          "z": 10.0
        },
        "rotation": {
          "x": -15.0,
          "y": 0.0,
          "z": 0.0
        }
      }
    },
    {
      "type": "light",
      "light_type": "Directional",
      "intensity": 3000.0,
      "transform": {
        "rotation": {
          "x": -50.0,
          "y": 20.0,
          "z": 0.0
        }
      },
      "color": {
        "r": 1.0,
        "g": 0.95,
        "b": 0.9,
        "a": 1.0
      }
    },
    {
      "type": "mesh3d",
      "mesh": {
        "Plane": {
          "size": 20.0
        }
      },
      "material": {
        "base_color": {
          "r": 0.2,
          "g": 0.2,
          "b": 0.3,
          "a": 1.0
        },
        "metallic": 0.1,
        "roughness": 0.9
      },
      "transform": {
        "position": {
          "x": 0.0,
          "y": 0.0,
          "z": 0.0
        }
      }
    },
    {
      "type": "mesh3d",
      "mesh": "Cube",
      "material": {
        "base_color": {
          "r": 0.8,
          "g": 0.2,
          "b": 0.2,
          "a": 1.0
        },
        "metallic": 0.5,
        "roughness": 0.3
      },
      "transform": {
        "position": {
          "x": -3.0,
          "y": 1.0,
          "z": 0.0
        }
      },
      "animation": {
        "animation_type": {
          "type": "Rotate",
          "axis": {
            "x": 0.0,
            "y": 1.0,
            "z": 0.0
          },
          "degrees": 360.0
        },
        "duration": 3.0,
        "looping": true,
        "easing": "Linear"
      }
    },
    {
      "type": "mesh3d",
      "mesh": {
        "Sphere": {
          "radius": 0.6,
          "subdivisions": 32
        }
      },
      "material": {
        "base_color": {
          "r": 0.2,
          "g": 0.6,
          "b": 0.9,
          "a": 1.0
        },
        "metallic": 0.8,
        "roughness": 0.2
      },
      "transform": {
        "position": {
          "x": 0.0,
          "y": 1.0,
          "z": 0.0
        }
      },
      "animation": {
        "animation_type": {
          "type": "Bounce",
          "height": 2.0
        },
        "duration": 2.0,
        "looping": true,
        "easing": "EaseInOut"
      }
    },
    {
      "type": "mesh3d",
      "mesh": {
        "Capsule": {
          "radius": 0.4,
          "depth": 1.2
        }
      },
      "material": {
        "base_color": {
          "r": 0.3,
          "g": 0.8,
          "b": 0.3,
          "a": 1.0
        },
        "metallic": 0.3,
        "roughness": 0.5
      },
      "transform": {
        "position": {
          "x": 3.0,
          "y": 1.0,
          "z": 0.0
        }
      },
      "animation": {
        "animation_type": {
          "type": "Pulse",
          "min_scale": 0.8,
          "max_scale": 1.2
        },
        "duration": 1.5,
        "looping": true,
        "easing": "EaseInOut"
      }
    },
    {
      "type": "particles",
      "id": "fountain",
      "transform": {
        "position": {
          "x": -5.0,
          "y": 0.5,
          "z": 0.0
        }
      },
      "emission_rate": 20.0,
      "lifetime": 2.0,
      "color": {
        "r": 0.2,
        "g": 0.7,
        "b": 1.0,
        "a": 1.0
      },
      "size": 0.1,
      "velocity": {
        "x": 0.0,
        "y": 3.0,
        "z": 0.0
      },
      "gravity": {
        "x": 0.0,
        "y": -5.0,
        "z": 0.0
      }
    },
    {
      "type": "particles",
      "id": "fire",
      "transform": {
        "position": {
          "x": 5.0,
          "y": 0.5,
          "z": 0.0
        }
      },
      "emission_rate": 30.0,
      "lifetime": 1.5,
      "color": {
        "r": 1.0,
        "g": 0.5,
        "b": 0.1,
        "a": 1.0
      },
      "size": 0.15,
      "velocity": {
        "x": 0.0,
        "y": 2.0,
        "z": 0.0
      },
      "gravity": {
        "x": 0.0,
        "y": 0.5,
        "z": 0.0
      }
    },
    {
      "type": "light",
      "light_type": "Point",
      "intensity": 800.0,
      "transform": {
        "position": {
          "x": 5.0,
          "y": 1.5,
          "z": 0.0
        }
      },
      "color": {
        "r": 1.0,
        "g": 0.5,
        "b": 0.2,
        "a": 1.0
      },
      "animation": {
        "animation_type": {
          "type": "Pulse",
          "min_scale": 0.8,
          "max_scale": 1.0
        },
        "duration": 0.5,
        "looping": true,
        "easing": "EaseInOut"
      }
    }
  ]
}
