{
  "ui": [
    {
      "type": "container",
      "id": "hud_container",
      "style": {
        "width": "100%",
        "height": "100%",
        "position_type": "Absolute",
        "flex_direction": "Column",
        "justify_content": "SpaceBetween",
        "padding": {
          "top": 20,
          "bottom": 20,
          "left": 20,
          "right": 20
        }
      },
      "children": [
        {
          "type": "container",
          "id": "top_bar",
          "style": {
            "width": "100%",
            "flex_direction": "Row",
            "justify_content": "SpaceBetween",
            "padding": {
              "top": 15,
              "bottom": 15,
              "left": 20,
              "right": 20
            }
          },
          "background_color": {
            "r": 0.0,
            "g": 0.0,
            "b": 0.0,
            "a": 0.7
          },
          "children": [
            {
              "type": "text",
              "text": "Health: 100/100",
              "font_size": 24,
              "color": {
                "r": 0.2,
                "g": 1.0,
                "b": 0.3,
                "a": 1.0
              }
            },
            {
              "type": "text",
              "text": "Score: 0",
              "font_size": 24,
              "color": {
                "r": 1.0,
                "g": 0.8,
                "b": 0.2,
                "a": 1.0
              }
            }
          ]
        },
        {
          "type": "container",
          "id": "center_text",
          "style": {
            "width": "100%",
            "justify_content": "Center",
            "align_items": "Center"
          },
          "children": [
            {
              "type": "text",
              "text": "Game Title",
              "font_size": 64,
              "color": {
                "r": 1.0,
                "g": 1.0,
                "b": 1.0,
                "a": 0.8
              }
            }
          ]
        },
        {
          "type": "container",
          "id": "bottom_bar",
          "style": {
            "width": "100%",
            "flex_direction": "Row",
            "justify_content": "Center",
            "padding": {
              "top": 10,
              "bottom": 10,
              "left": 10,
              "right": 10
            }
          },
          "children": [
            {
              "type": "text",
              "text": "Press SPACE to start",
              "font_size": 20,
              "color": {
                "r": 0.7,
                "g": 0.7,
                "b": 0.7,
                "a": 1.0
              }
            }
          ]
        }
      ]
    }
  ],
  "world": [
    {
      "type": "camera",
      "camera_type": "Perspective",
      "transform": {
        "position": {
          "x": 0.0,
          "y": 3.0,
          "z": 8.0
        },
        "rotation": {
          "x": -15.0,
          "y": 0.0,
          "z": 0.0
        }
      }
    },
    {
      "type": "light",
      "light_type": "Directional",
      "intensity": 2000.0,
      "transform": {
        "rotation": {
          "x": -50.0,
          "y": 20.0,
          "z": 0.0
        }
      },
      "color": {
        "r": 1.0,
        "g": 0.95,
        "b": 0.85,
        "a": 1.0
      }
    },
    {
      "type": "mesh3d",
      "mesh": {
        "Plane": {
          "size": 20.0
        }
      },
      "material": {
        "base_color": {
          "r": 0.2,
          "g": 0.3,
          "b": 0.4,
          "a": 1.0
        },
        "metallic": 0.1,
        "roughness": 0.9
      },
      "transform": {
        "position": {
          "x": 0.0,
          "y": 0.0,
          "z": 0.0
        }
      }
    },
    {
      "type": "mesh3d",
      "mesh": {
        "Sphere": {
          "radius": 0.7,
          "subdivisions": 32
        }
      },
      "material": {
        "base_color": {
          "r": 0.9,
          "g": 0.3,
          "b": 0.3,
          "a": 1.0
        },
        "metallic": 0.6,
        "roughness": 0.3,
        "emissive": {
          "r": 0.3,
          "g": 0.0,
          "b": 0.0,
          "a": 1.0
        }
      },
      "transform": {
        "position": {
          "x": 0.0,
          "y": 0.7,
          "z": 0.0
        }
      }
    },
    {
      "type": "light",
      "light_type": "Point",
      "intensity": 800.0,
      "transform": {
        "position": {
          "x": 3.0,
          "y": 2.0,
          "z": 2.0
        }
      },
      "color": {
        "r": 0.3,
        "g": 0.5,
        "b": 1.0,
        "a": 1.0
      }
    }
  ]
}
