{
  "ui": [
    {
      "type": "container",
      "id": "root",
      "style": {
        "width": "100%",
        "height": "100%",
        "flex_direction": "Column",
        "justify_content": "Center",
        "align_items": "Center",
        "padding": {
          "top": 20,
          "bottom": 20,
          "left": 20,
          "right": 20
        }
      },
      "background_color": {
        "r": 0.1,
        "g": 0.1,
        "b": 0.15,
        "a": 1.0
      },
      "children": [
        {
          "type": "text",
          "id": "title",
          "text": "JSON to Bevy UI Demo",
          "font_size": 48,
          "style": {
            "margin": {
              "top": 0,
              "bottom": 30,
              "left": 0,
              "right": 0
            }
          },
          "color": {
            "r": 0.9,
            "g": 0.9,
            "b": 1.0,
            "a": 1.0
          }
        },
        {
          "type": "container",
          "id": "button_container",
          "style": {
            "flex_direction": "Row",
            "justify_content": "Center",
            "align_items": "Center"
          },
          "children": [
            {
              "type": "button",
              "id": "start_button",
              "label": "Start Game",
              "style": {
                "margin": {
                  "top": 0,
                  "bottom": 0,
                  "left": 10,
                  "right": 10
                }
              },
              "action": "start_game"
            },
            {
              "type": "button",
              "id": "settings_button",
              "label": "Settings",
              "style": {
                "margin": {
                  "top": 0,
                  "bottom": 0,
                  "left": 10,
                  "right": 10
                }
              },
              "action": "open_settings"
            },
            {
              "type": "button",
              "id": "quit_button",
              "label": "Quit",
              "style": {
                "margin": {
                  "top": 0,
                  "bottom": 0,
                  "left": 10,
                  "right": 10
                }
              },
              "action": "quit_game"
            }
          ]
        },
        {
          "type": "container",
          "id": "info_panel",
          "style": {
            "width": 600,
            "flex_direction": "Column",
            "padding": {
              "top": 20,
              "bottom": 20,
              "left": 20,
              "right": 20
            },
            "margin": {
              "top": 40,
              "bottom": 0,
              "left": 0,
              "right": 0
            }
          },
          "background_color": {
            "r": 0.2,
            "g": 0.2,
            "b": 0.25,
            "a": 0.8
          },
          "children": [
            {
              "type": "text",
              "text": "Features:",
              "font_size": 28,
              "style": {
                "margin": {
                  "top": 0,
                  "bottom": 15,
                  "left": 0,
                  "right": 0
                }
              },
              "color": {
                "r": 1.0,
                "g": 0.8,
                "b": 0.2,
                "a": 1.0
              }
            },
            {
              "type": "text",
              "text": "✓ Full flexbox layout support",
              "font_size": 18,
              "style": {
                "margin": {
                  "top": 5,
                  "bottom": 5,
                  "left": 10,
                  "right": 0
                }
              },
              "color": {
                "r": 0.8,
                "g": 0.8,
                "b": 0.8,
                "a": 1.0
              }
            },
            {
              "type": "text",
              "text": "✓ Nested containers and components",
              "font_size": 18,
              "style": {
                "margin": {
                  "top": 5,
                  "bottom": 5,
                  "left": 10,
                  "right": 0
                }
              },
              "color": {
                "r": 0.8,
                "g": 0.8,
                "b": 0.8,
                "a": 1.0
              }
            },
            {
              "type": "text",
              "text": "✓ Interactive buttons with hover states",
              "font_size": 18,
              "style": {
                "margin": {
                  "top": 5,
                  "bottom": 5,
                  "left": 10,
                  "right": 0
                }
              },
              "color": {
                "r": 0.8,
                "g": 0.8,
                "b": 0.8,
                "a": 1.0
              }
            },
            {
              "type": "text",
              "text": "✓ Customizable colors, fonts, and spacing",
              "font_size": 18,
              "style": {
                "margin": {
                  "top": 5,
                  "bottom": 5,
                  "left": 10,
                  "right": 0
                }
              },
              "color": {
                "r": 0.8,
                "g": 0.8,
                "b": 0.8,
                "a": 1.0
              }
            }
          ]
        }
      ]
    }
  ],
  "world": []
}
